id,status,http_status,latency_ms,tokens_out,has_newline,starts_with_space,preview,error,note
case_1,error,,,,,,,"ConnectionError: HTTPConnectionPool(host='localhost', port=9000): Max retries exceeded with url: /complete (Caused by NewConnectionError('<urllib3.connection.HTTPConnection object at 0x7efc9c57b920>: Failed to establish a new connection: [Errno 111] Connection refused'))",Basic function body
case_2,error,,,,,,,"ConnectionError: HTTPConnectionPool(host='localhost', port=9000): Max retries exceeded with url: /complete (Caused by NewConnectionError('<urllib3.connection.HTTPConnection object at 0x7efc9c59c050>: Failed to establish a new connection: [Errno 111] Connection refused'))",Complete method signature
case_3,error,,,,,,,"ConnectionError: HTTPConnectionPool(host='localhost', port=9000): Max retries exceeded with url: /complete (Caused by NewConnectionError('<urllib3.connection.HTTPConnection object at 0x7efc9c59c770>: Failed to establish a new connection: [Errno 111] Connection refused'))",Return statement in try block
case_4,error,,,,,,,"ConnectionError: HTTPConnectionPool(host='localhost', port=9000): Max retries exceeded with url: /complete (Caused by NewConnectionError('<urllib3.connection.HTTPConnection object at 0x7efc9c578560>: Failed to establish a new connection: [Errno 111] Connection refused'))",Nested function logic
case_5,error,,,,,,,"ConnectionError: HTTPConnectionPool(host='localhost', port=9000): Max retries exceeded with url: /complete (Caused by NewConnectionError('<urllib3.connection.HTTPConnection object at 0x7efc9c59cda0>: Failed to establish a new connection: [Errno 111] Connection refused'))",Context manager return
case_6,error,,,,,,,"ConnectionError: HTTPConnectionPool(host='localhost', port=9000): Max retries exceeded with url: /complete (Caused by NewConnectionError('<urllib3.connection.HTTPConnection object at 0x7efc9c59d4c0>: Failed to establish a new connection: [Errno 111] Connection refused'))",Async function body
case_7,error,,,,,,,"ConnectionError: HTTPConnectionPool(host='localhost', port=9000): Max retries exceeded with url: /complete (Caused by NewConnectionError('<urllib3.connection.HTTPConnection object at 0x7efc9c59dca0>: Failed to establish a new connection: [Errno 111] Connection refused'))",Yield statement
case_8,error,,,,,,,"ConnectionError: HTTPConnectionPool(host='localhost', port=9000): Max retries exceeded with url: /complete (Caused by NewConnectionError('<urllib3.connection.HTTPConnection object at 0x7efc9c59e4b0>: Failed to establish a new connection: [Errno 111] Connection refused'))",Create dataclass instance
case_9,error,,,,,,,"ConnectionError: HTTPConnectionPool(host='localhost', port=9000): Max retries exceeded with url: /complete (Caused by NewConnectionError('<urllib3.connection.HTTPConnection object at 0x7efc9c59d130>: Failed to establish a new connection: [Errno 111] Connection refused'))",Grouping logic with types
case_10,error,,,,,,,"ConnectionError: HTTPConnectionPool(host='localhost', port=9000): Max retries exceeded with url: /complete (Caused by NewConnectionError('<urllib3.connection.HTTPConnection object at 0x7efc9c59ce00>: Failed to establish a new connection: [Errno 111] Connection refused'))",F-string continuation
case_11,error,,,,,,,"ConnectionError: HTTPConnectionPool(host='localhost', port=9000): Max retries exceeded with url: /complete (Caused by NewConnectionError('<urllib3.connection.HTTPConnection object at 0x7efc9c59ea50>: Failed to establish a new connection: [Errno 111] Connection refused'))",Write to file
case_12,error,,,,,,,"ConnectionError: HTTPConnectionPool(host='localhost', port=9000): Max retries exceeded with url: /complete (Caused by NewConnectionError('<urllib3.connection.HTTPConnection object at 0x7efc9c59f350>: Failed to establish a new connection: [Errno 111] Connection refused'))",List comprehension expression
case_13,error,,,,,,,"ConnectionError: HTTPConnectionPool(host='localhost', port=9000): Max retries exceeded with url: /complete (Caused by NewConnectionError('<urllib3.connection.HTTPConnection object at 0x7efc9c59fce0>: Failed to establish a new connection: [Errno 111] Connection refused'))",Process args
case_14,error,,,,,,,"ConnectionError: HTTPConnectionPool(host='localhost', port=9000): Max retries exceeded with url: /complete (Caused by NewConnectionError('<urllib3.connection.HTTPConnection object at 0x7efc9c59f380>: Failed to establish a new connection: [Errno 111] Connection refused'))",Configure logger
case_15,error,,,,,,,"ConnectionError: HTTPConnectionPool(host='localhost', port=9000): Max retries exceeded with url: /complete (Caused by NewConnectionError('<urllib3.connection.HTTPConnection object at 0x7efc9c59eab0>: Failed to establish a new connection: [Errno 111] Connection refused'))",Regex findall
case_16,error,,,,,,,"ConnectionError: HTTPConnectionPool(host='localhost', port=9000): Max retries exceeded with url: /complete (Caused by NewConnectionError('<urllib3.connection.HTTPConnection object at 0x7efc9c59c860>: Failed to establish a new connection: [Errno 111] Connection refused'))",Sort and slice
case_17,error,,,,,,,"ConnectionError: HTTPConnectionPool(host='localhost', port=9000): Max retries exceeded with url: /complete (Caused by NewConnectionError('<urllib3.connection.HTTPConnection object at 0x7efc9c57b8f0>: Failed to establish a new connection: [Errno 111] Connection refused'))",Call function in context
case_18,error,,,,,,,"ConnectionError: HTTPConnectionPool(host='localhost', port=9000): Max retries exceeded with url: /complete (Caused by NewConnectionError('<urllib3.connection.HTTPConnection object at 0x7efc9c5c08f0>: Failed to establish a new connection: [Errno 111] Connection refused'))",Async context manager
case_19,error,,,,,,,"ConnectionError: HTTPConnectionPool(host='localhost', port=9000): Max retries exceeded with url: /complete (Caused by NewConnectionError('<urllib3.connection.HTTPConnection object at 0x7efc9c5c12b0>: Failed to establish a new connection: [Errno 111] Connection refused'))",Multi-line append
case_20,error,,,,,,,"ConnectionError: HTTPConnectionPool(host='localhost', port=9000): Max retries exceeded with url: /complete (Caused by NewConnectionError('<urllib3.connection.HTTPConnection object at 0x7efc9c57b920>: Failed to establish a new connection: [Errno 111] Connection refused'))",Dict get with default
case_21,error,,,,,,,"ConnectionError: HTTPConnectionPool(host='localhost', port=9000): Max retries exceeded with url: /complete (Caused by NewConnectionError('<urllib3.connection.HTTPConnection object at 0x7efc9c59c980>: Failed to establish a new connection: [Errno 111] Connection refused'))",Recursive fibonacci - should NOT return just 'it'
case_22,error,,,,,,,"ConnectionError: HTTPConnectionPool(host='localhost', port=9000): Max retries exceeded with url: /complete (Caused by NewConnectionError('<urllib3.connection.HTTPConnection object at 0x7efc9c59eff0>: Failed to establish a new connection: [Errno 111] Connection refused'))",Nested if return True
case_23,error,,,,,,,"ConnectionError: HTTPConnectionPool(host='localhost', port=9000): Max retries exceeded with url: /complete (Caused by NewConnectionError('<urllib3.connection.HTTPConnection object at 0x7efc9c59ffb0>: Failed to establish a new connection: [Errno 111] Connection refused'))",Division in try
case_24,error,,,,,,,"ConnectionError: HTTPConnectionPool(host='localhost', port=9000): Max retries exceeded with url: /complete (Caused by NewConnectionError('<urllib3.connection.HTTPConnection object at 0x7efc9c5c0230>: Failed to establish a new connection: [Errno 111] Connection refused'))",Dict comprehension k:v swap
case_25,error,,,,,,,"ConnectionError: HTTPConnectionPool(host='localhost', port=9000): Max retries exceeded with url: /complete (Caused by NewConnectionError('<urllib3.connection.HTTPConnection object at 0x7efc9c5c1d30>: Failed to establish a new connection: [Errno 111] Connection refused'))",Lambda key function
case_26,error,,,,,,,"ConnectionError: HTTPConnectionPool(host='localhost', port=9000): Max retries exceeded with url: /complete (Caused by NewConnectionError('<urllib3.connection.HTTPConnection object at 0x7efc9c59ff50>: Failed to establish a new connection: [Errno 111] Connection refused'))",With open - should not duplicate suffix
case_27,error,,,,,,,"ConnectionError: HTTPConnectionPool(host='localhost', port=9000): Max retries exceeded with url: /complete (Caused by NewConnectionError('<urllib3.connection.HTTPConnection object at 0x7efc9c59eb40>: Failed to establish a new connection: [Errno 111] Connection refused'))",Property return calculation
case_28,error,,,,,,,"ConnectionError: HTTPConnectionPool(host='localhost', port=9000): Max retries exceeded with url: /complete (Caused by NewConnectionError('<urllib3.connection.HTTPConnection object at 0x7efc9c59d430>: Failed to establish a new connection: [Errno 111] Connection refused'))",Enum members
case_29,error,,,,,,,"ConnectionError: HTTPConnectionPool(host='localhost', port=9000): Max retries exceeded with url: /complete (Caused by NewConnectionError('<urllib3.connection.HTTPConnection object at 0x7efc9c57b1d0>: Failed to establish a new connection: [Errno 111] Connection refused'))",Fixture return
case_30,error,,,,,,,"ConnectionError: HTTPConnectionPool(host='localhost', port=9000): Max retries exceeded with url: /complete (Caused by NewConnectionError('<urllib3.connection.HTTPConnection object at 0x7efc9c5c16d0>: Failed to establish a new connection: [Errno 111] Connection refused'))",Assert message string
case_31,error,,,,,,,"ConnectionError: HTTPConnectionPool(host='localhost', port=9000): Max retries exceeded with url: /complete (Caused by NewConnectionError('<urllib3.connection.HTTPConnection object at 0x7efc9c5c27e0>: Failed to establish a new connection: [Errno 111] Connection refused'))",Two sum algorithm
case_32,error,,,,,,,"ConnectionError: HTTPConnectionPool(host='localhost', port=9000): Max retries exceeded with url: /complete (Caused by NewConnectionError('<urllib3.connection.HTTPConnection object at 0x7efc9c59d130>: Failed to establish a new connection: [Errno 111] Connection refused'))",Return greeting string
case_33,error,,,,,,,"ConnectionError: HTTPConnectionPool(host='localhost', port=9000): Max retries exceeded with url: /complete (Caused by NewConnectionError('<urllib3.connection.HTTPConnection object at 0x7efc9c59e600>: Failed to establish a new connection: [Errno 111] Connection refused'))",Fetch and parse JSON
case_34,error,,,,,,,"ConnectionError: HTTPConnectionPool(host='localhost', port=9000): Max retries exceeded with url: /complete (Caused by NewConnectionError('<urllib3.connection.HTTPConnection object at 0x7efc9c59ed20>: Failed to establish a new connection: [Errno 111] Connection refused'))",HTTP GET method
case_35,error,,,,,,,"ConnectionError: HTTPConnectionPool(host='localhost', port=9000): Max retries exceeded with url: /complete (Caused by NewConnectionError('<urllib3.connection.HTTPConnection object at 0x7efc9c59f470>: Failed to establish a new connection: [Errno 111] Connection refused'))",Group by with generics
case_36,error,,,,,,,"ConnectionError: HTTPConnectionPool(host='localhost', port=9000): Max retries exceeded with url: /complete (Caused by NewConnectionError('<urllib3.connection.HTTPConnection object at 0x7efc9c59d820>: Failed to establish a new connection: [Errno 111] Connection refused'))",parseInt with try-catch
case_37,error,,,,,,,"ConnectionError: HTTPConnectionPool(host='localhost', port=9000): Max retries exceeded with url: /complete (Caused by NewConnectionError('<urllib3.connection.HTTPConnection object at 0x7efc9c59e0f0>: Failed to establish a new connection: [Errno 111] Connection refused'))",FileReader setup
case_38,error,,,,,,,"ConnectionError: HTTPConnectionPool(host='localhost', port=9000): Max retries exceeded with url: /complete (Caused by NewConnectionError('<urllib3.connection.HTTPConnection object at 0x7efc9c59d730>: Failed to establish a new connection: [Errno 111] Connection refused'))",Read file async
case_39,error,,,,,,,"ConnectionError: HTTPConnectionPool(host='localhost', port=9000): Max retries exceeded with url: /complete (Caused by NewConnectionError('<urllib3.connection.HTTPConnection object at 0x7efc9c59eb10>: Failed to establish a new connection: [Errno 111] Connection refused'))",Map items to JSX
case_40,error,,,,,,,"ConnectionError: HTTPConnectionPool(host='localhost', port=9000): Max retries exceeded with url: /complete (Caused by NewConnectionError('<urllib3.connection.HTTPConnection object at 0x7efc9c59ed20>: Failed to establish a new connection: [Errno 111] Connection refused'))",Type guard implementation
